{
  "New York City": [-73.935242, 40.730610],
  "New York City (Manhattan)": [-73.9712, 40.7831],
  "Buffalo": [-78.8784, 42.8864],
  "Philadelphia": [-75.1652, 39.9526],
  "Pittsburgh": [-79.9959, 40.4406],
  "Secaucus (North NJ)": [-74.0552, 40.7895],
  "Piscataway (Central NJ)": [-74.4593, 40.5467],
  "Miami": [-80.1918, 25.7617],
  "Jacksonville": [-81.6557, 30.3322],
  "Atlanta (Downtown)": [-84.3880, 33.7490],
  "Lithia Springs": [-84.6605, 33.7940],
  "Suwanee": [-84.0513, 34.0515],
  "Charlotte": [-80.8431, 35.2271],
  "Raleigh (RTP)": [-78.6382, 35.7796],
  "Columbus": [-82.9988, 39.9612],
  "Cleveland": [-81.6944, 41.4993],
  "Baltimore": [-76.6122, 39.2904],
  "Hanover": [-76.7241, 39.1929],
  "Linthicum": [-76.6536, 39.2051],
  "Louisville": [-85.7585, 38.2527],
  "Lexington": [-84.5037, 38.0406],
  "Los Angeles": [-118.2437, 34.0522],
  "San Jose (Silicon Valley)": [-121.8863, 37.3382],
  "Seattle": [-122.3321, 47.6062],
  "Quincy": [-119.8530, 47.2343],
  "Phoenix": [-112.0740, 33.4484],
  "Chandler": [-111.8413, 33.3062],
  "Mesa": [-111.8315, 33.4152],
  "Dallas": [-96.7970, 32.7767],
  "Houston": [-95.3698, 29.7604],
  "Nashville": [-86.5804, 36.1627],
  "Memphis": [-90.0490, 35.1495],
  "Birmingham": [-86.9023, 33.5207],
  "Huntsville": [-86.5861, 34.7304],
  "Chicago (Downtown)": [-87.6298, 41.8781],
  "Elk Grove Village": [-87.9703, 42.0039],
  "Detroit (Southfield)": [-83.2215, 42.4734],
  "Grand Rapids": [-85.6681, 42.9634],
  "Indianapolis": [-86.1581, 39.7684],
  "South Bend": [-86.2520, 41.6764],
  "Anchorage": [-149.9, 61.218],
  "Little Rock": [-92.3731, 34.7465],
  "Denver": [-104.9903, 39.7392],
  "Stamford": [-73.5387, 41.0534],
  "Wilmington": [-75.5466, 39.7391],
  "Honolulu": [-157.8583, 21.3069],
  "Boise": [-116.2146, 43.615],
  "Des Moines (Council Bluffs)": [-93.6091, 41.5868],
  "Overland Park": [-94.6708, 38.9822],
  "New Orleans": [-90.0715, 29.9511],
  "Portland": [-70.2553, 43.6591],
  "Boston": [-71.0589, 42.3601],
  "Minneapolis": [-93.265, 44.9778],
  "Jackson": [-90.1848, 32.2988],
  "St. Louis": [-90.1994, 38.627],
  "Milwaukee": [-87.9065, 43.0389],
  "Billings": [-108.5007, 45.7833],
  "Omaha": [-95.9345, 41.2565],
  "Las Vegas": [-115.1398, 36.1699],
  "Nashua": [-71.4542, 42.7654],
  "Manchester": [-71.4542, 42.9956],
  "Albuquerque": [-106.6504, 35.0844],
  "Fargo": [-96.7898, 46.8772],
  "Oklahoma City": [-97.5164, 35.4676],
  "Hillsboro (Portland Metro)": [-122.9898, 45.5229],
  "Providence": [-71.4128, 41.824],
  "Columbia": [-81.0348, 34.0007],
  "Sioux Falls": [-96.7313, 43.5446],
  "Salt Lake City": [-111.891, 40.7608],
  "Burlington": [-73.2121, 44.4759],
  "Ashburn": [-77.4874, 39.0438],
  "Charleston": [-81.6326, 38.3498],
  "Cheyenne": [-104.8202, 41.14],
  "Atlanta": [-84.388, 33.749],
  "Chicago": [-87.6298, 41.8781],
  "New York / Secaucus": [-74.0552, 40.7895],
  "Lithia Springs / Suwanee": [-84.3559, 33.9227],
  "Hanover / Linthicum": [-76.6886, 39.199],
  "Chandler / Mesa": [-111.8315, 33.4152],
  "Nashua / Manchester": [-71.4656, 42.9956],
  "San Jose": [-121.8863, 37.3382]
}
